type,type_simbol,discription
"Реалистический (R) + Артистический (A)",R+A/A+R,"Описание типа личности
Ребенок с сочетанием реалистического и артистического типов личности сочетает любовь к практическим занятиям и творчеству. Это ребенок, который одновременно любит создавать что-то своими руками и выражать себя через искусство. Он склонен экспериментировать с материалами, изобретать новые способы решения задач и часто ищет креативный подход даже к повседневным делам. Такие дети обычно увлечены конструированием, лепкой, рисованием или созданием чего-то необычного.


Характеристика
        1.        Реалистический (R):
        •        Практическая направленность: ребенок любит видеть результат своих действий, будь то построенная модель или поделка.
        •        Интерес к физическому труду и активности.
        •        Часто выбирает задачи, которые требуют сосредоточенности и работы руками.
        2.        Артистический (A):
        •        Склонность к творчеству и нестандартным решениям.
        •        Любит выражать эмоции через рисунки, музыку, поделки или литературное творчество.
        •        Умеет замечать детали и создавать что-то уникальное.
Эта комбинация делает ребенка увлеченным созидателем, который может, например, построить замок из кубиков, а затем украсить его в собственном стиле.




Интересы
        •        Конструирование и создание поделок из разных материалов (дерево, глина, бумага).
        •        Рисование, дизайн, графика.
        •        Моделирование (например, LEGO или создание архитектурных макетов).
        •        Участие в театральных или художественных мероприятиях.
        •        Декорирование помещений, создание костюмов, оформление пространства.


Рекомендации для родителей
        1.        Создайте условия для творчества:
        •        Выделите ребенку место, где он сможет свободно рисовать, лепить, собирать модели.
        •        Позвольте ему экспериментировать с различными материалами (краски, глина, дерево, бумага).
        2.        Поддерживайте практическое обучение:
        •        Организуйте совместные проекты, например, строительство домика для птиц, создание игрушек или декора.
        •        Предложите участие в кружках робототехники, дизайна или прикладного искусства.
        3.        Развивайте творческое мышление:
        •        Поощряйте участие в конкурсах рисунков, поделок, проектов.
        •        Давайте задания, где нужно комбинировать креативность с техникой, например, придумать дизайн модели и построить ее.
        4.        Вовлекайте в семейные проекты:
        •        Попросите ребенка помочь в оформлении дома, создании праздничного декора, изготовлении подарков для близких.
        5.        Учите выражать эмоции через творчество:
        •        Если ребенок расстроен, предложите ему нарисовать свои чувства или создать что-то, что поднимет настроение.




Ресурсы и материалы
        •        Книги: “Творческие проекты для детей” (сборники идей поделок), “Занимательная механика”.
        •        Каналы YouTube: “Art for Kids Hub”, “LEGO Master Builders”.
        •        Инструменты: Конструкторы LEGO, наборы для лепки, акварельные краски, наборы для моделирования.




Какая школа подходит?
        1.        НИШ (Назарбаев Интеллектуальная Школа):
        •        Предлагает проектное обучение, где ребенок может совмещать практическую и творческую деятельность.
        •        Развивает навыки работы в команде через исследовательские проекты.
        2.        БИЛ (Казахско-Турецкий Лицей):
        •        Подходит для детей, которые любят работать в системе, но ищут способы проявить творческое начало.
        •        Школа ценит инициативу и участие в культурной жизни.




Возможные профессии в будущем
        •        Архитектор или дизайнер интерьеров.
        •        Инженер или разработчик с акцентом на креативные решения (например, создание инновационных конструкций).
        •        Декоратор или художник по костюмам.
        •        Актер, сценограф, фотограф.
        •        Мастер по созданию предметов ручной работы.




Советы по воспитанию и развитию
        1.        Предлагайте гибкие задачи: Давайте задания, которые можно выполнить по-разному, например, придумать новый дизайн комнаты или создать украшение для сада.
        2.        Поощряйте индивидуальность: Уважайте стиль ребенка, даже если его выбор кажется вам необычным.
        3.        Показывайте примеры: Показывайте работы архитекторов, художников или инженеров, чтобы ребенок вдохновлялся новыми идеями.
        4.        Награждайте за творчество: Устраивайте домашние выставки его работ или предлагайте участие в школьных конкурсах.
        5.        Расширяйте кругозор: Посещайте художественные выставки, музеи техники, парки архитектурных инсталляций.




Итог для родителей
Ваш ребенок – это созидатель и художник в одном лице. Помогайте ему реализовывать свои идеи через творчество и практическую деятельность. Выберите школу, которая предоставит возможности для экспериментирования и развития его талантов. Поддерживая его увлечения, вы откроете перед ним множество возможностей для роста и успеха."
Реалистический (R) + Социальный (S),R+S/S+R,"Описание типа личности
Ребенок с реалистическим и социальным типом личности сочетает практическое мышление с любовью к взаимодействию с людьми. Он не просто стремится к конкретным результатам, но и хочет, чтобы его действия приносили пользу другим. Такие дети часто становятся лидерами в командных проектах, помогают одноклассникам и любят участвовать в мероприятиях, где можно сочетать физическую активность с общением.




Характеристика
        1.        Реалистический (R):
        •        Любит работать руками, активно участвовать в создании чего-либо.
        •        Предпочитает задачи с конкретным результатом, например, построить модель, решить практическую задачу.
        •        Тяготеет к активным, физическим видам деятельности.
        2.        Социальный (S):
        •        Обладает эмпатией, умеет поддерживать других и работать в команде.
        •        Легко общается и находит общий язык с ровесниками и взрослыми.
        •        Ориентирован на помощь людям и совместное достижение целей.
Эта связка формирует ребенка, который с удовольствием работает над практическими проектами в коллективе, умеет поддерживать команду и проявлять инициативу в общении.




Интересы
        •        Командные проекты, где можно строить, создавать, организовывать.
        •        Участие в волонтерских инициативах, например, помощь в школьных мероприятиях.
        •        Спортивные игры, особенно командные (футбол, волейбол).
        •        Помощь другим в обучении или решении задач.
        •        Проекты на стыке техники и взаимодействия (например, установка оборудования в школе, создание общего пространства).




Рекомендации для родителей
        1.        Поддерживайте участие в командных мероприятиях:
        •        Вовлекайте ребенка в спортивные секции, кружки с проектной деятельностью или школьные клубы.
        •        Поддерживайте его стремление помогать другим, например, участвовать в организации школьных праздников.
        2.        Создавайте условия для практических проектов:
        •        Организуйте совместные семейные проекты, например, постройте скворечник, разбейте сад или создайте игровую площадку.
        •        Поддерживайте его желание что-то починить или создать — предложите наборы для сборки или инструменты для работы.
        3.        Развивайте навыки общения:
        •        Запишите ребенка на курсы ораторского мастерства или дебатов, чтобы он мог уверенно высказывать свои идеи.
        •        Поощряйте участие в школьных советах или волонтерских проектах.
        4.        Стимулируйте интерес к людям:
        •        Посещайте вместе мероприятия, где можно узнать больше о профессиях, связанных с помощью другим (медицина, инженерия, экология).
        •        Читайте книги или смотрите фильмы о людях, которые сделали важные открытия или помогли обществу.




Ресурсы и материалы
        •        Книги: “Как устроен мир” для детей, книги о героях-изобретателях (например, “Изобретения, которые изменили мир”).
        •        Кружки: Командные виды спорта, проекты по благоустройству территории, занятия по робототехнике.
        •        Дополнительно: Участие в школьных олимпиадах, где важна коллективная работа.




Какая школа подходит?
        1.        НИШ (Назарбаев Интеллектуальная Школа):
        •        Школа предоставляет возможности для командной и проектной работы, что идеально подходит для ребенка с этим сочетанием типов.
        •        Программы направлены на социальные инициативы, исследовательские проекты и межличностное взаимодействие.
        2.        БИЛ (Казахско-Турецкий Лицей):
        •        Уделяет большое внимание дисциплине и работе в коллективе, что подходит детям, любящим помогать другим и работать в команде.
        •        Возможность участвовать в школьных советах, волонтерских инициативах.




Возможные профессии в будущем
        •        Инженер в сфере социального проектирования (создание общественных пространств, инфраструктуры).
        •        Медицинский работник (врач, медсестра, физиотерапевт).
        •        Социальный предприниматель (создание проектов, которые помогают людям).
        •        Спортивный тренер или организатор спортивных мероприятий.
        •        Менеджер проектов, связанных с экологией или благоустройством.




Советы по воспитанию и развитию
        1.        Включайте в решение семейных задач: Попросите ребенка организовать пикник, семейный проект или небольшой ремонт дома.
        2.        Поощряйте желание помогать: Благодарите его за поддержку и стремление помогать семье и друзьям.
        3.        Поддерживайте активность: Регулярные спортивные занятия и участие в коллективных играх помогут развивать лидерские качества.
        4.        Стимулируйте интерес к проектам, связанным с помощью людям: Предложите поучаствовать в волонтерских инициативах, например, помощь в приюте для животных или озеленении территории.




Итог для родителей
Ваш ребенок обладает уникальной комбинацией практичности и эмпатии. Он умеет работать в команде, любит помогать и создавать что-то полезное для окружающих. Такие качества помогут ему стать успешным как в учебе, так и в жизни. Поддерживайте его инициативы, создавайте условия для совместных проектов и выбирайте школу, где он сможет сочетать свои сильные стороны."
Реалистический (R) + Предпринимательский (E),R+E/E+R,"Описание типа личности
Ребенок с сочетанием реалистического и предпринимательского типов личности обладает практичным умом, активностью и стремлением быть лидером. Он не просто решает задачи, но и организует других, чтобы достичь результата. Такой ребенок любит участвовать в проектах, где можно применить навыки планирования, быстро принимать решения и видеть конкретный результат своего труда.




Характеристика
        1.        Реалистический (R):
        •        Стремится к практической деятельности, где результат можно увидеть или потрогать.
        •        Любит работать руками, создавать или чинить что-то.
        •        Предпочитает активные задачи и физическую активность.
        2.        Предпринимательский (E):
        •        Обладает лидерскими качествами и умеет вдохновлять других.
        •        Ставит амбициозные цели, проявляет инициативу и не боится рисковать.
        •        Предпочитает задачи, связанные с организацией и достижением ощутимого результата.
Эта связка формирует ребенка, который любит брать на себя ответственность, принимать решения и при этом активно участвовать в практических проектах.



Интересы
        •        Организация совместных проектов, например, постройка моделей или решение практических задач в группе.
        •        Участие в спортивных командах, где важна стратегия и взаимодействие.
        •        Создание чего-либо: от поделок и проектов до планов мероприятий.
        •        Конкурсы, где можно проявить себя, продемонстрировать лидерские качества и получить признание.
        •        Игры с элементами бизнеса или управления, такие как “Монополия”.



Рекомендации для родителей
        1.        Развивайте лидерские качества:
        •        Позвольте ребенку организовывать небольшие проекты дома, например, помочь в планировании семейных мероприятий или решении бытовых задач.
        •        Поощряйте его участие в школьных советах, конкурсах проектов или дебатах.
        2.        Поддерживайте практическую направленность:
        •        Предложите ребенку участвовать в кружках робототехники, инженерии или дизайна, где он может создавать что-то материальное.
        •        Давайте задания, которые требуют как анализа, так и действия (например, придумать способ организовать пространство или улучшить что-то в доме).
        3.        Стимулируйте амбиции:
        •        Предложите ребенку принять участие в олимпиадах, где важно не только знание, но и способность мыслить стратегически.
        •        Поддерживайте интерес к тактическим играм, связанным с управлением ресурсами и планированием.
        4.        Развивайте финансовую грамотность:
        •        Начните с простых уроков: как управлять деньгами, копить на что-то или оценивать стоимость проектов.
        •        Покажите ребенку примеры реальных бизнес-проектов или успешных лидеров.



Ресурсы и материалы
        •        Книги: “Детский предприниматель” (истории о детях, которые создавали проекты), “Как все устроено” (про устройство вещей и технологий).
        •        Игры: “Монополия”, “SimCity”, “Minecraft” (строительство и управление ресурсами).
        •        Кружки: Робототехника, моделирование, проектное обучение.
        •        Дополнительно: Участие в молодежных бизнес-клубах, программах по развитию предпринимательских навыков.



Какая школа подходит?
        1.        НИШ (Назарбаев Интеллектуальная Школа):
        •        Школа активно поддерживает проектное обучение, инициативу и работу в команде.
        •        Здесь ребенок сможет развивать свои лидерские качества через участие в научных и творческих проектах.
        2.        БИЛ (Казахско-Турецкий Лицей):
        •        Школа ценит дисциплину, ответственность и организаторские способности.
        •        Подходит детям, которые готовы брать на себя роль лидера и работать в команде.



Возможные профессии в будущем
        •        Предприниматель или руководитель собственного проекта.
        •        Инженер, специализирующийся на создании новых продуктов.
        •        Менеджер проектов, особенно связанных с прикладными науками.
        •        Спортивный тренер или организатор мероприятий.
        •        Архитектор или разработчик сложных систем.



Советы по воспитанию и развитию
        1.        Позвольте принимать решения: Давайте ребенку возможность выбирать, как выполнить задачу или организовать что-то.
        2.        Поощряйте самостоятельность: Хвалите за проявление инициативы, даже если результат не идеален.
        3.        Учите работать в команде: Объясняйте, как важно учитывать мнение других, чтобы добиваться общих целей.
        4.        Показывайте примеры: Рассказывайте истории успешных предпринимателей или лидеров, которые достигли целей через труд и настойчивость.
        5.        Стимулируйте интерес к соревнованиям: Организуйте участие в конкурсах проектов, спортивных турнирах или школьных мероприятиях.



Итог для родителей
Ваш ребенок сочетает в себе практичность и лидерские качества, что делает его способным как создавать, так и организовывать. Поддерживайте его стремление к действиям и инициатива, создавайте условия для экспериментов, вовлекайте в проекты и поощряйте его идеи. Школы, которые предоставляют возможности для развития лидерства и проектной деятельности, помогут раскрыть его потенциал."
Реалистический (R) + Конвенциональный (C),R+C/C+R,"Описание типа личности
Ребенок с сочетанием реалистического и конвенционального типов личности отличается практичностью, организованностью и стремлением к четкой структуре. Ему нравится работать с конкретными задачами, следовать установленным правилам и завершать начатое. Такой ребенок с удовольствием выполняет задачи, где важно внимание к деталям, аккуратность и соблюдение последовательности.




Характеристика
        1.        Реалистический (R):
        •        Предпочитает работать с материальными объектами, любит видеть результаты своих действий.
        •        Склонен к физической активности и практическому труду.
        •        Ориентирован на достижение конкретных целей.
        2.        Конвенциональный (C):
        •        Организованный, любит порядок и систематизацию.
        •        Следует правилам, предпочитает чёткие инструкции и заранее установленный план.
        •        Хорошо работает с данными, цифрами, списками и документами.
Эта связка формирует ребенка, который комфортно чувствует себя в структурированных задачах, любит точность и порядок, но при этом готов к активной практической деятельности.




Интересы
        •        Сборка моделей и работа с конструктором по инструкции.
        •        Решение задач, где важна аккуратность и последовательность (например, составление таблиц, расчетов).
        •        Организация рабочего пространства (например, упорядочивание вещей, создание расписаний).
        •        Участие в практических проектах, где можно сочетать действие и планирование (например, создание модели или проведение эксперимента).
        •        Чтение технических инструкций и руководство проектами с четким планом.


Рекомендации для родителей
        1.        Поощряйте работу с четкими структурами:
        •        Давайте ребенку задания, где важно следовать последовательности действий (например, сборка моделей, выполнение научных экспериментов).
        •        Поддерживайте его желание наводить порядок, помогайте структурировать пространство.
        2.        Стимулируйте точность и организованность:
        •        Давайте задачи, которые требуют аккуратности (например, составление таблиц, ведение дневника или планировщика).
        •        Вовлекайте ребенка в семейные проекты, например, планирование бюджета или организации пространства дома.
        3.        Поддерживайте любовь к практической деятельности:
        •        Запишите ребенка в кружки инженерного моделирования, робототехники или программирования.
        •        Включайте его в проекты, связанные с созданием чего-либо полезного, например, постройка моделей или разработка систем хранения.
        4.        Развивайте аналитические навыки:
        •        Предлагайте логические игры, например, шахматы, головоломки, задачи с использованием алгоритмов.
        •        Занимайтесь с ребенком дополнительной математикой или программированием.


Ресурсы и материалы
        •        Книги: “Математика для инженеров”, “Практическая физика для детей”.
        •        Игры: Логические пазлы, шахматы, SimCity или Minecraft с акцентом на управление ресурсами.
        •        Инструменты: Конструкторы LEGO, наборы для сборки механизмов (например, Fischertechnik).
        •        Кружки: Программирование, инженерия, моделирование.


Какая школа подходит?
        1.        РФМШ (Республиканская Физико-Математическая Школа):
        •        Подходит детям, которые ценят точность, системность и структурированное обучение.
        •        Глубокий акцент на точных науках, где важны дисциплина и аналитические навыки.
        2.        БИЛ (Казахско-Турецкий Лицей):
        •        Ценится дисциплина, аккуратность и умение работать в системе.
        •        Важное место занимает порядок в обучении, что соответствует сильным сторонам ребенка.




Возможные профессии в будущем
        •        Инженер-конструктор.
        •        Архитектор или проектировщик.
        •        Аналитик данных или системный администратор.
        •        Логист или менеджер проектов.
        •        Бухгалтер или финансовый аналитик.


Возможные профессии в будущем
        •        Инженер-конструктор.
        •        Архитектор или проектировщик.
        •        Аналитик данных или системный администратор.
        •        Логист или менеджер проектов.
        •        Бухгалтер или финансовый аналитик.




Советы по воспитанию и развитию
        1.        Создавайте задачи с четкой структурой: Попросите ребенка организовать учебное пространство или спланировать свое расписание.
        2.        Стимулируйте интерес к логике и точным наукам: Решайте задачи на логику, программируйте вместе простые алгоритмы.
        3.        Поддерживайте любовь к порядку: Хвалите ребенка за аккуратность и способность доводить начатое до конца.
        4.        Помогайте развивать гибкость мышления: Иногда предлагайте задачи, где возможны разные подходы к решению, чтобы ребенок учился адаптироваться.
        5.        Включайте в семейные проекты: Предложите планировать бюджет, организовать поездку или решить бытовую задачу.




Итог для родителей
Ваш ребенок сочетает любовь к практическим задачам с организованностью и вниманием к деталям. Он чувствует себя уверенно, когда работает в системе и знает, что делать. Школы, которые ценят дисциплину и точность, помогут ему развить сильные стороны. Поддерживайте его интересы к проектной деятельности, структурированным задачам и точным наукам, чтобы он мог раскрыть свой потенциал."
Исследовательский (I) + Артистический (A),I+A/A+I,"Описание типа личности
Ребенок с сочетанием исследовательского и артистического типов личности обладает любознательностью и творческим подходом к решению задач. Он не просто интересуется окружающим миром, но и стремится выразить свои идеи через искусство, нестандартные решения или оригинальные проекты. Это мечтатель с аналитическим складом ума, который любит исследовать и создавать что-то новое, часто вдохновляясь природой, наукой или собственными фантазиями.




Характеристика
        1.        Исследовательский (I):
        •        Увлекается наукой, природой, экспериментами и познанием мира.
        •        Часто задает вопросы “почему?” и “как это работает?”.
        •        Стремится к глубокому пониманию явлений и их сути.
        2.        Артистический (A):
        •        Обладает богатым воображением, любит выражать себя через творчество.
        •        Старается найти нестандартные подходы к задачам, создавая что-то уникальное.
        •        Склонен к самовыражению через рисование, музыку, писательство или драму.
Эта связка формирует ребенка, который может увлеченно исследовать сложные явления и затем представить свои открытия в виде картины, рассказа или модели. Он любит вдохновляться, пробовать новое и экспериментировать с идеями.




Интересы
        •        Проведение научных экспериментов, исследование природы или технологий.
        •        Создание оригинальных проектов, таких как рисунки, макеты или визуализации открытий.
        •        Участие в кружках, где можно совмещать науку и творчество (например, STEM-проекты).
        •        Написание историй, создание комиксов или сценариев.
        •        Участие в конкурсах, связанных с наукой, искусством или их сочетанием.




Рекомендации для родителей
        1.        Поддерживайте интерес к науке и творчеству:
        •        Купите ребенку наборы для экспериментов, микроскоп или телескоп.
        •        Предложите материалы для творчества: краски, глину, графический планшет.
        2.        Поощряйте участие в творческих и научных проектах:
        •        Запишите ребенка на кружки, где сочетаются наука и искусство (например, создание моделей солнечной системы, рисование научных диаграмм).
        •        Участвуйте в школьных выставках, научных ярмарках или конкурсах рисунков.
        3.        Развивайте оригинальное мышление:
        •        Давайте задания, где можно применить креативность к научной теме (например, создать модель атома из необычных материалов).
        •        Читайте вместе книги о великих ученых и изобретателях, которые использовали нестандартные подходы.
        4.        Стимулируйте любознательность и самовыражение:
        •        Посещайте научные музеи, выставки или художественные галереи.
        •        Позвольте ребенку выражать эмоции через искусство и задавать вопросы о мире вокруг.




Ресурсы и материалы
        •        Книги: “Изобретения, которые изменили мир”, “Научные открытия для детей”, “Как творить и исследовать”.
        •        Игры: Программы для рисования (Procreate, Paint 3D), образовательные игры (Kerbal Space Program, Minecraft с научными модами).
        •        Кружки: STEM, робототехника, арт-проекты, экология.
        •        Инструменты: Микроскоп, наборы для химических экспериментов, акварельные краски, графический планшет.




Какая школа подходит?
        1.        НИШ (Назарбаев Интеллектуальная Школа):
        •        Идеально подходит детям, которые любят совмещать творчество с наукой.
        •        Проектное обучение, лаборатории и программы креативного мышления позволят ребенку реализовывать свои идеи.
        2.        БИЛ (Казахско-Турецкий Лицей):
        •        Подходит для детей, которые любят дисциплину и сочетание структурированного обучения с креативными занятиями.
        •        Уделяет внимание индивидуальному подходу и культурным мероприятиям.




Возможные профессии в будущем
        •        Дизайнер или иллюстратор в научной сфере (например, создание инфографики).
        •        Архитектор или урбанист, разрабатывающий уникальные проекты.
        •        Научный популяризатор или писатель.
        •        Разработчик игр или анимации, связанных с образовательными проектами.
        •        Эколог или биолог, исследующий природу и создающий проекты на её основе.




Советы по воспитанию и развитию
        1.        Стимулируйте эксперименты: Позвольте ребенку пробовать разные виды деятельности, от научных опытов до создания рисунков.
        2.        Поддерживайте воображение: Читайте вместе научную фантастику, давайте задания на развитие креативности, например, “Придумай, как выглядел бы город будущего”.
        3.        Позвольте пробовать и ошибаться: Хвалите за попытки, даже если результат не сразу удачен.
        4.        Показывайте реальную связь науки и искусства: Расскажите о профессиях, где можно совмещать анализ и творчество, например, создание архитектурных проектов или графики для научных публикаций.




Итог для родителей
Ваш ребенок обладает уникальным сочетанием аналитического ума и креативности. Ему важно давать свободу в исследованиях и самовыражении, а также показывать, как наука и творчество могут дополнять друг друга. Школы с акцентом на проектное обучение и творческие задачи помогут раскрыть его потенциал. Поддерживайте его увлечения, вдохновляйте примерами и давайте возможность пробовать новое."
Исследовательский (I) + Социальный (S),I+S/S+I,"Описание типа личности
Ребенок с сочетанием исследовательского и социального типов личности обладает уникальной комбинацией аналитического ума и желания взаимодействовать с людьми. Он не только стремится познавать мир и разбираться в сложных явлениях, но и делиться своими знаниями, помогать окружающим и работать в команде. Такие дети любят совместные проекты, где можно как исследовать, так и взаимодействовать.




Характеристика
        1.        Исследовательский (I):
        •        Интересуется природой, наукой, техникой и сложными задачами.
        •        Любит изучать, анализировать и искать ответы на вопросы “почему?” и “как?”.
        •        Увлекается экспериментами, чтением научной литературы и решением головоломок.
        2.        Социальный (S):
        •        Умеет находить общий язык с людьми, проявляет эмпатию и желание помогать.
        •        Предпочитает командные задачи и совместную работу.
        •        Ориентирован на поддержку окружающих и активное участие в общественной жизни.
Эта связка формирует ребенка, который может быть лидером в проектных группах, помогая другим понять сложные явления, а также успешно объединяет исследовательский интерес с социальными навыками.




Интересы
        •        Участие в научных проектах, которые требуют работы в команде (например, экология, биология, робототехника).
        •        Помощь одноклассникам с учебой, объяснение сложных тем.
        •        Участие в школьных и общественных инициативах, связанных с улучшением окружающей среды или социальной помощи.
        •        Чтение книг о природе, науке, окружающем мире и известных ученых.
        •        Работа над проектами, где можно соединить исследования и пользу для общества.




Рекомендации для родителей
        1.        Поддерживайте научный интерес:
        •        Организуйте для ребенка доступ к научным книгам, видео или наборам для экспериментов.
        •        Предложите участвовать в олимпиадах по биологии, химии, экологии или другим наукам.
        2.        Развивайте социальные навыки:
        •        Поощряйте участие в командных проектах, школьных советах или волонтерских инициативах.
        •        Помогайте организовывать мероприятия, например, помощь в проведении школьных ярмарок или акций.
        3.        Стимулируйте комбинированную деятельность:
        •        Найдите кружки, где ребенок сможет работать в команде над исследовательскими проектами (например, экологические клубы).
        •        Поддерживайте интерес к программам, которые соединяют науку и помощь людям, например, проекты по защите окружающей среды.
        4.        Развивайте лидерские качества:
        •        Поддерживайте стремление ребенка делиться своими знаниями и помогать другим, поощряя инициативу.
        •        Предлагайте задания, где он сможет руководить командой или координировать совместные действия.










Ресурсы и материалы
        •        Книги: “Как устроен мир”, “Научные открытия, которые изменили историю”, “Как помочь планете”.
        •        Игры: Командные игры с исследовательской составляющей, например, SimCity, Minecraft (с акцентом на совместное строительство).
        •        Кружки: Экология, робототехника, STEM-проекты.
        •        Дополнительно: Посещение научных музеев, участие в акциях по защите природы.




Какая школа подходит?
        1.        НИШ (Назарбаев Интеллектуальная Школа):
        •        Подходит благодаря акценту на исследовательскую деятельность и групповые проекты.
        •        Возможности для участия в социальных инициативах и научных конкурсах.
        2.        БИЛ (Казахско-Турецкий Лицей):
        •        Уделяет внимание дисциплине и взаимодействию в коллективе, что подходит детям с социальными и исследовательскими интересами.
        •        Возможность участвовать в культурных и общественных мероприятиях.




Возможные профессии в будущем
        •        Эколог или специалист по охране окружающей среды.
        •        Научный популяризатор или преподаватель.
        •        Социальный предприниматель, создающий проекты с пользой для общества.
        •        Биолог, исследователь или сотрудник лаборатории.
        •        Организатор мероприятий, связанных с научным или социальным направлением.




Советы по воспитанию и развитию
        1.        Стимулируйте интерес к совместной работе: Давайте задания, где ребенок может помогать другим или координировать группу.
        2.        Поощряйте любопытство: Отвечайте на вопросы ребенка, вместе проводите эксперименты, организуйте посещения научных выставок.
        3.        Поддерживайте участие в школьной жизни: Поддерживайте инициативы, связанные с улучшением школьной среды или помощью одноклассникам.
        4.        Развивайте навыки планирования: Предложите ребенку организовать собственный проект, например, акцию по уборке двора или сбор средств на благотворительность.
        5.        Показывайте примеры: Расскажите о людях, которые успешно совмещают науку и помощь другим, например, об известных экологах или врачах.




Итог для родителей
Ваш ребенок сочетает аналитическое мышление и желание помогать людям. Он прекрасно чувствует себя в коллективной работе, где может делиться знаниями и приносить реальную пользу. Поддерживайте его стремление соединять науку и общественные инициативы. Школы с акцентом на исследовательскую и социальную деятельность помогут развить его потенциал."
Исследовательский (I) + Предпринимательский (E),I+E/E+I,"Описание типа личности
Ребенок с сочетанием исследовательского и предпринимательского типов личности — это любопытный новатор, который не только интересуется, как устроен мир, но и ищет способы использовать свои знания для создания чего-то нового. Такой ребенок любит экспериментировать, ставить перед собой амбициозные цели и руководить проектами. Ему интересно решать сложные задачи, придумывать новые идеи и вдохновлять других.




Характеристика
        1.        Исследовательский (I):
        •        Увлечен изучением сложных явлений, любит задавать вопросы и находить ответы.
        •        Интересуется наукой, технологиями, природой и экспериментами.
        •        Обладает аналитическим складом ума и любит углубляться в изучение тем.
        2.        Предпринимательский (E):
        •        Проявляет лидерские качества, любит брать на себя ответственность и добиваться успеха.
        •        Амбициозен, энергичен и умеет вдохновлять других.
        •        Предпочитает задачи, где нужно принимать решения и добиваться конкретных результатов.
Эта связка формирует ребенка, который способен придумывать и реализовывать идеи, строить планы и добиваться своих целей, используя аналитический подход и предпринимательский дух.




Интересы
        •        Проведение экспериментов с целью практического применения результатов.
        •        Создание и управление проектами, особенно связанными с наукой или технологиями.
        •        Участие в конкурсах и олимпиадах, где можно проявить лидерские качества.
        •        Разработка новых идей, изобретений или бизнес-моделей.
        •        Тактические и стратегические игры, связанные с планированием и управлением.




Рекомендации для родителей
        1.        Развивайте исследовательский интерес:
        •        Организуйте доступ к научным наборам, лабораторным экспериментам или специальным приложениям для изучения технологий.
        •        Предложите участвовать в олимпиадах по математике, физике, химии или экологии.
        2.        Поощряйте предпринимательские способности:
        •        Поддерживайте инициативу ребенка создавать и развивать свои идеи, даже если они кажутся сложными.
        •        Организуйте проекты, где он сможет управлять процессами, например, провести мини-ярмарку или организовать семейное мероприятие.
        3.        Стимулируйте навыки планирования и стратегии:
        •        Давайте задания, где нужно продумать действия на несколько шагов вперед (например, составить план эксперимента или организовать соревнование).
        •        Поддерживайте участие в играх, где важны тактика и управление ресурсами.
        4.        Создавайте условия для реализации идей:
        •        Дайте возможность представить свои идеи другим, например, через участие в школьных проектах или конкурсах.
        •        Вдохновляйте примерами успешных предпринимателей и ученых.




Ресурсы и материалы
        •        Книги: “Как построить мир: наука для детей”, “Изобретения будущего”, “Юный предприниматель”.
        •        Игры: “Monopoly”, “SimCity”, “Minecraft” с акцентом на управление и строительство.
        •        Кружки: STEM, робототехника, экология, стартап-школы для детей.
        •        Инструменты: Наборы для экспериментов, 3D-принтер, программирование на Scratch или Tinkercad.




Какая школа подходит?
        1.        НИШ (Назарбаев Интеллектуальная Школа):
        •        Идеальна для ребенка, который хочет совмещать науку и проектную деятельность.
        •        Поддерживает лидерские качества через участие в исследовательских и предпринимательских инициативах.
        2.        БИЛ (Казахско-Турецкий Лицей):
        •        Школа уделяет внимание дисциплине и лидерским качествам, что подходит для развития инициативности и предпринимательских навыков.
        •        Предоставляет возможности для участия в общественной и проектной работе.




Возможные профессии в будущем
        •        Инженер или изобретатель, создающий инновационные решения.
        •        Руководитель проектов в сфере технологий или науки.
        •        Разработчик программного обеспечения или стартапер.
        •        Научный популяризатор или аналитик.
        •        Экономист или организатор научно-технических мероприятий.




Советы по воспитанию и развитию
        1.        Поощряйте инициативу: Позвольте ребенку предлагать идеи и воплощать их в жизнь. Хвалите за креативность и настойчивость.
        2.        Развивайте лидерские качества: Организуйте ситуации, где ребенок может координировать работу группы или команды.
        3.        Учите работать с ресурсами: Объясняйте, как оценивать риски и распределять ресурсы, будь то время, деньги или материалы.
        4.        Вдохновляйте примерами: Показывайте истории успешных ученых и предпринимателей, таких как Илон Маск, Томас Эдисон, Мария Склодовская-Кюри.
        5.        Стимулируйте участие в соревнованиях: Поддерживайте интерес к научным и предпринимательским конкурсам, олимпиадам и хакатонам.




Итог для родителей
Ваш ребенок сочетает аналитический склад ума с лидерскими качествами и стремлением к успеху. Он любит не только исследовать, но и применять свои знания для создания чего-то нового. Школы с акцентом на проектное обучение, лидерство и науку помогут раскрыть его потенциал. Поддерживайте его стремление к реализации идей, создавайте условия для экспериментов и вдохновляйте на амбициозные цели."
Исследовательский (I) + Конвенциональный (C),I+C/C+I,"Описание типа личности
Ребенок с сочетанием исследовательского и конвенционального типов личности отличается аналитическим мышлением и стремлением к порядку и структуре. Такой ребенок не только любит изучать сложные явления, но и предпочитает систематизировать информацию, решать задачи по установленным алгоритмам и работать в четко определенных рамках. Он проявляет интерес к науке и технологиям, но чувствует себя комфортнее в среде, где есть ясные правила и последовательность действий.




Характеристика
        1.        Исследовательский (I):
        •        Любознательный, увлечен поиском решений и ответов на сложные вопросы.
        •        Интересуется наукой, природой, технологическими процессами.
        •        Любит экспериментировать, проводить исследования и изучать данные.
        2.        Конвенциональный (C):
        •        Ориентирован на порядок, точность и соблюдение инструкций.
        •        Предпочитает структурированные задачи, где есть четкий алгоритм.
        •        Отличается аккуратностью, дисциплиной и организованностью.
Эта связка формирует ребенка, который с удовольствием изучает новые темы, анализирует данные и находит структурированные подходы к решению задач.




Интересы
        •        Проведение экспериментов с заранее определенными шагами.
        •        Изучение математических и научных закономерностей.
        •        Работа с таблицами, графиками и системами, которые требуют точности.
        •        Участие в проектах, где важна аналитика и структура, например, программирование или моделирование.
        •        Решение задач на логику, где требуется последовательный подход.




Рекомендации для родителей
        1.        Развивайте аналитические способности:
        •        Предложите задачи, требующие анализа, например, исследование закономерностей или сбор статистических данных.
        •        Купите научные наборы или книги, которые помогут ребенку изучать физику, химию, биологию.
        2.        Поддерживайте любовь к структуре:
        •        Включайте ребенка в задачи, где нужно навести порядок, например, организовать учебное пространство или систематизировать информацию.
        •        Учите работать с таблицами и диаграммами (например, в Excel или Google Sheets).
        3.        Стимулируйте интерес к науке:
        •        Запишите ребенка в кружки программирования, инженерии или робототехники.
        •        Предложите участвовать в олимпиадах по точным наукам, где можно продемонстрировать структурированный подход к решению задач.
        4.        Развивайте гибкость мышления:
        •        Иногда давайте задания, где ребенок может выбрать свой подход к решению.
        •        Поддерживайте интерес к проектам, где можно экспериментировать и придумывать свои алгоритмы.




Ресурсы и материалы
        •        Книги: “Как устроен мир”, “Математические головоломки”, “Логика для детей”.
        •        Игры: Головоломки, шахматы, SimCity (управление ресурсами).
        •        Кружки: Программирование, логика, математика, моделирование.
        •        Инструменты: Таблицы (Excel, Google Sheets), наборы для экспериментов, приложения для составления алгоритмов (Scratch).




Какая школа подходит?
        1.        РФМШ (Республиканская Физико-Математическая Школа):
        •        Идеально подходит для ребенка с аналитическим складом ума, где требуется работа с четкими алгоритмами.
        •        Углубленная программа по точным наукам, включая математику и физику.
        2.        БИЛ (Казахско-Турецкий Лицей):
        •        Ценится дисциплина, аккуратность и последовательность в обучении.
        •        Подходит для детей, которые любят структурированные задания и порядок.




Возможные профессии в будущем
        •        Аналитик данных или системный администратор.
        •        Программист или разработчик алгоритмов.
        •        Финансовый аналитик или бухгалтер.
        •        Инженер или архитектор.
        •        Исследователь в области точных наук (математика, физика, химия).




Советы по воспитанию и развитию
        1.        Давайте задачи, требующие структурированного подхода: Например, составить расписание или систематизировать коллекцию.
        2.        Стимулируйте интерес к программированию: Запишите ребенка на курсы, где он может учиться писать алгоритмы или разрабатывать модели.
        3.        Хвалите за точность и порядок: Поддерживайте стремление ребенка доводить дела до конца и соблюдать аккуратность.
        4.        Учите управлять проектами: Давайте задания, где ребенок может планировать свои действия и фиксировать результаты.
        5.        Расширяйте кругозор: Рассказывайте о профессиях, где важны структура и аналитика, например, работа инженера, аналитика или системного администратора.




Итог для родителей
Ваш ребенок сочетает в себе аналитическое мышление и любовь к порядку. Он предпочитает работать в четкой структуре, изучать закономерности и исследовать мир через алгоритмы и данные. Школы с акцентом на точные науки и дисциплину помогут раскрыть его потенциал. Поддерживайте его интерес к науке и организованной деятельности, и он сможет добиться успеха в учебе и будущем."
Артистический (A) + Социальный (S),A+S/S+A,"Описание типа личности
Ребенок с сочетанием артистического и социального типов личности обладает творческим воображением и стремлением к взаимодействию с окружающими. Такой ребенок любит выражать свои эмоции через искусство, но при этом ищет одобрение и поддержку от окружающих. Он открыт для общения, любит делиться своими идеями, помогать другим и активно участвовать в совместных мероприятиях.




Характеристика
        1.        Артистический (A):
        •        Увлечен творчеством и самовыражением.
        •        Любит рисовать, сочинять истории, петь, танцевать или играть на сцене.
        •        Склонен к нестандартным подходам и фантазии.
        2.        Социальный (S):
        •        Эмпатичный и заботливый, умеет находить общий язык с окружающими.
        •        Стремится помогать другим и участвовать в командных проектах.
        •        Любит общение, активность и участие в общественной жизни.
Эта связка формирует ребенка, который тянется к творческой и социальной деятельности, где он может как выразить свои идеи, так и работать в коллективе.




Интересы
        •        Участие в театральных постановках, музыкальных или танцевальных кружках.
        •        Организация мероприятий, например, школьных праздников, выставок или концертов.
        •        Создание поделок, рисунков, стихов или историй, которые можно показать другим.
        •        Участие в социальных инициативах, волонтерских акциях или проектах, направленных на помощь окружающим.
        •        Командные проекты, где можно проявить креативность и взаимодействовать с людьми.




Рекомендации для родителей
        1.        Поддерживайте творческие увлечения:
        •        Запишите ребенка в кружки по рисованию, танцам, музыке или театру.
        •        Давайте ребенку свободу экспериментировать с материалами, создавая свои проекты.
        2.        Стимулируйте социальные навыки:
        •        Поощряйте участие в школьных и общественных инициативах, таких как организация мероприятий или помощь другим детям.
        •        Поддерживайте его стремление взаимодействовать с окружающими через совместные занятия или проекты.
        3.        Развивайте командную работу:
        •        Предложите ребенку участвовать в групповых конкурсах или проектах, где важно сотрудничество.
        •        Учите его учитывать мнение других и эффективно работать в коллективе.
        4.        Создавайте пространство для самовыражения:
        •        Обустройте дома место, где ребенок сможет творить и экспериментировать (например, рисовать, играть на музыкальных инструментах).
        •        Попросите его оформить что-то в доме — нарисовать плакат, создать декорации для праздника.




Ресурсы и материалы
        •        Книги: “Творческие задания для детей”, “Как развивать эмпатию”, “Театр дома”.
        •        Каналы и приложения: Procreate (цифровое рисование), YouTube-каналы по актерскому мастерству, музыкальные приложения (GarageBand).
        •        Кружки: Танцы, хор, актерское мастерство, волонтерские клубы.
        •        Дополнительно: Участие в школьных мероприятиях, посещение выставок, концертов или театров.




Какая школа подходит?
        1.        НИШ (Назарбаев Интеллектуальная Школа):
        •        Подходит благодаря проектному обучению, где ребенок сможет совмещать творчество и социальную активность.
        •        Возможность участия в школьных инициативах, таких как организация мероприятий и конкурсов.
        2.        БИЛ (Казахско-Турецкий Лицей):
        •        Школа ценит дисциплину и участие в культурной жизни, что позволяет ребенку раскрыть свои артистические и социальные способности.
        •        Предлагает платформу для творческих инициатив и взаимодействия с коллективом.




Возможные профессии в будущем
        •        Актер, режиссер или сценарист.
        •        Психолог или педагог, работающий через арт-терапию.
        •        Организатор мероприятий, ведущий или коуч.
        •        Дизайнер интерьеров, художник или иллюстратор.
        •        Специалист в сфере PR или социального предпринимательства.




Советы по воспитанию и развитию
        1.        Стимулируйте участие в совместных проектах: Например, организация семейного праздника или создание школьной постановки.
        2.        Поощряйте креативность: Хвалите за оригинальные идеи, даже если они требуют доработки.
        3.        Учите выражать эмоции: Задавайте вопросы вроде “Что ты хотел показать в своей работе?” или “Как ты себя чувствовал, когда это делал?”.
        4.        Поддерживайте лидерские качества: Если ребенок проявляет инициативу, помогите ему организовать проект и довести его до конца.
        5.        Расширяйте кругозор: Посещайте вместе театры, музеи, мастер-классы и обсуждайте увиденное.




Итог для родителей
Ваш ребенок сочетает творческий потенциал с социальными навыками, что делает его яркой личностью, способной вдохновлять других. Поддерживайте его стремление выражать себя через искусство и взаимодействие, предоставляйте возможности для участия в творческих и общественных инициативах. Школы с акцентом на коллективные проекты и культурную деятельность помогут раскрыть его потенциал."
Артистический (A) + Предпринимательский (E),A+E/E+A,"Описание типа личности
Ребенок с сочетанием артистического и предпринимательского типов личности — это яркая и амбициозная личность, которая любит проявлять себя через творчество и брать на себя лидерские роли. Такой ребенок не только стремится к самовыражению, но и способен вдохновлять других своими идеями, организовывать проекты и уверенно двигаться к своим целям. Ему интересны нестандартные задачи, где он может проявить свою креативность и способность руководить.




Характеристика
        1.        Артистический (A):
        •        Любит творчество, будь то рисование, музыка, танцы, актерское мастерство или писательство.
        •        Склонен к нестандартным решениям и идеям, любит фантазировать и экспериментировать.
        •        Предпочитает эмоциональное самовыражение и создание чего-то уникального.
        2.        Предпринимательский (E):
        •        Лидер по натуре, умеет вдохновлять других и брать на себя ответственность.
        •        Амбициозен, стремится к успеху и любит быть в центре внимания.
        •        Умеет продвигать свои идеи, организовывать проекты и быстро принимать решения.
Эта связка формирует ребенка, который стремится объединить творчество с достижением успеха, часто находя необычные способы реализации своих идей.




Интересы
        •        Участие в театральных постановках, музыкальных группах или танцевальных коллективах.
        •        Создание и продвижение собственных проектов, например, организация концертов, выставок или школьных мероприятий.
        •        Работа над креативными проектами, где можно проявить лидерство и творчество.
        •        Участие в конкурсах, где важны как артистические, так и предпринимательские навыки (например, создание видео, дизайн-марафоны).
        •        Интерес к играм, где нужно управлять ресурсами или командой, таким как “Монополия” или SimCity.




Рекомендации для родителей
        1.        Поощряйте творческие инициативы:
        •        Запишите ребенка на занятия по рисованию, актерскому мастерству или танцам.
        •        Поддерживайте его проекты, даже если они кажутся сложными или необычными, например, организовать школьный спектакль или конкурс.
        2.        Развивайте предпринимательские навыки:
        •        Позвольте ребенку участвовать в организации семейных мероприятий, чтобы он мог потренироваться в планировании и управлении.
        •        Объясняйте, как работают бюджеты, как планировать мероприятия и координировать действия.
        3.        Стимулируйте участие в конкурсах и проектах:
        •        Найдите конкурсы, где ребенок сможет проявить свои креативные и лидерские способности.
        •        Поощряйте участие в школьных советах, где он сможет предлагать свои идеи и воплощать их.
        4.        Создайте условия для самовыражения:
        •        Обустройте дома творческое пространство, где ребенок сможет работать над своими проектами.
        •        Поддерживайте его желание делиться своими успехами с другими.




Ресурсы и материалы
        •        Книги: “Юный предприниматель”, “Как стать лидером”, “Творческие проекты для детей”.
        •        Игры: “Монополия”, “Sims”, “Minecraft” (с акцентом на строительство и управление).
        •        Кружки: Театральное мастерство, вокал, графический дизайн, курсы по лидерству и управлению проектами.
        •        Дополнительно: Участие в выставках, конкурсах рисунков, видеопроектов или школьных концертах.




Какая школа подходит?
        1.        НИШ (Назарбаев Интеллектуальная Школа):
        •        Подходит благодаря акценту на проектную деятельность и развитию инициативности.
        •        Школа дает возможности для творчества и участия в коллективных проектах.
        2.        БИЛ (Казахско-Турецкий Лицей):
        •        Подходит для детей, которые хотят развивать дисциплину, лидерство и творческое самовыражение.
        •        Школа ценит участие в культурных мероприятиях и инициативных проектах.




Возможные профессии в будущем
        •        Режиссер, продюсер или организатор мероприятий.
        •        Графический дизайнер, архитектор или арт-директор.
        •        PR-менеджер, маркетолог или специалист по коммуникациям.
        •        Основатель творческого стартапа, связанного с искусством или медиа.
        •        Музыкант, актер или художник, совмещающий творчество с бизнес-подходом.




Советы по воспитанию и развитию
        1.        Позвольте ребенку быть лидером: Давайте ему возможность управлять проектами, предлагать идеи и организовывать их реализацию.
        2.        Поощряйте креативное мышление: Хвалите за нестандартные подходы и оригинальные идеи, даже если результат требует доработки.
        3.        Объясняйте основы управления: Расскажите, как планировать бюджет, распределять задачи и оценивать результат.
        4.        Поддерживайте участие в мероприятиях: Позвольте ребенку участвовать в конкурсах, фестивалях и выставках, чтобы он мог продемонстрировать свои таланты.
        5.        Стимулируйте командную работу: Учите ребенка работать с другими, делегировать задачи и договариваться.




Итог для родителей
Ваш ребенок — это сочетание креативности и амбициозности. Он умеет придумывать яркие идеи и вдохновлять других на их реализацию. Школы, которые поддерживают творческую и инициативную деятельность, помогут ему раскрыть свой потенциал. Создавайте условия для самовыражения, участия в проектах и развития лидерских качеств, чтобы он мог успешно реализовать свои таланты."
Артистический (A) + Конвенциональный (C),A+C/C+A,"Описание типа личности
Ребенок с сочетанием артистического и конвенционального типов личности — это творческая натура, которая предпочитает выражать свои идеи в рамках порядка и структуры. Такой ребенок умеет объединять воображение с дисциплиной, любит выполнять творческие задания, но при этом стремится следовать четким правилам и инструкциям. Он ценит гармонию и порядок, даже в процессе самовыражения.




Характеристика
        1.        Артистический (A):
        •        Склонен к креативности и самовыражению через искусство, будь то рисование, музыка, дизайн или танцы.
        •        Предпочитает нестандартные подходы и создание чего-то нового.
        •        Обладает богатым воображением и чувствительностью к красоте.
        2.        Конвенциональный (C):
        •        Любит порядок, последовательность и четкие инструкции.
        •        Стремится доводить задачи до конца и работать в рамках установленных правил.
        •        Ценит дисциплину и систематический подход.
Эта связка формирует ребенка, который может успешно выполнять творческие проекты, где требуется внимание к деталям и соблюдение структуры.




Интересы
        •        Работа над проектами, где творчество соединяется с систематичностью (например, создание рисунков по шаблонам, дизайн интерьеров).
        •        Участие в художественных или ремесленных кружках, где важны техника и аккуратность.
        •        Организация пространства для творчества (например, оформление комнат, создание планов мероприятий).
        •        Участие в конкурсах, связанных с искусством, дизайном или рукоделием.
        •        Работа с данными или таблицами в контексте творческих проектов (например, составление графиков для выставок или мероприятий).




Рекомендации для родителей
        1.        Развивайте творческие навыки в структурированной среде:
        •        Предлагайте ребенку заниматься рисованием, лепкой или музыкой, используя пошаговые инструкции или руководства.
        •        Поддерживайте проекты, где важна техника и системность, например, архитектурные макеты или вышивка.
        2.        Стимулируйте интерес к порядку:
        •        Учите ребенка организовывать свои материалы для творчества (например, раскладывать краски или инструменты по категориям).
        •        Помогайте создавать планы или расписания для выполнения долгосрочных проектов.
        3.        Стимулируйте развитие художественных навыков:
        •        Запишите ребенка в художественную школу или кружок, где учат сочетать креативность с дисциплиной.
        •        Поощряйте участие в конкурсах рисунков, дизайна или ремесел.
        4.        Включайте ребенка в семейные проекты:
        •        Попросите его помочь с оформлением дома, созданием праздничных декораций или другими креативными заданиями, требующими системного подхода.




Ресурсы и материалы
        •        Книги: “Творческие проекты для детей”, “Основы дизайна”, “Как рисовать шаг за шагом”.
        •        Инструменты: Наборы для рисования, конструкторы, наборы для рукоделия (вышивка, бисероплетение).
        •        Каналы и приложения: Procreate (цифровое рисование), Skillshare (курсы по дизайну), Tinkercad (3D-моделирование).
        •        Кружки: Художественная школа, ремесленные студии, кружки дизайна или флористики.




Какая школа подходит?
        1.        НИШ (Назарбаев Интеллектуальная Школа):
        •        Подходит благодаря проектному подходу и возможностям для развития как креативных, так и аналитических навыков.
        •        Школа предоставляет платформу для участия в научных и творческих инициативах.
        2.        БИЛ (Казахско-Турецкий Лицей):
        •        Уделяет внимание дисциплине и точности, что подходит для ребенка с любовью к системности.
        •        Поддерживает участие в культурной и художественной деятельности.




Возможные профессии в будущем
        •        Архитектор или дизайнер интерьеров.
        •        Художник-иллюстратор или графический дизайнер.
        •        Организатор мероприятий, где требуется сочетание креативности и планирования.
        •        Ремесленник или мастер декоративно-прикладного искусства.
        •        Менеджер творческих проектов или дизайнер продукции.




Советы по воспитанию и развитию
        1.        Поддерживайте баланс между креативностью и порядком: Давайте задания, которые требуют как творчества, так и структурного подхода (например, создание макета с соблюдением правил).
        2.        Хвалите за аккуратность: Поддерживайте ребенка в стремлении доводить проекты до конца и соблюдать чистоту в работе.
        3.        Стимулируйте участие в конкурсах и выставках: Это поможет ребенку увидеть результаты своей работы и получить признание.
        4.        Расширяйте кругозор: Вместе посещайте выставки, музеи или мастер-классы, чтобы вдохновить ребенка на новые проекты.
        5.        Учите планировать: Помогите ребенку составлять расписание для выполнения долгосрочных заданий, чтобы он развивал навыки управления временем.




Итог для родителей
Ваш ребенок сочетает креативность с дисциплиной, что позволяет ему успешно реализовывать творческие проекты в структурированной среде. Поддерживайте его любовь к искусству и помогайте развивать навыки систематического подхода. Школы, которые предлагают баланс между творчеством и порядком, помогут раскрыть его потенциал."
Социальный (S) + Предпринимательский (E),S+E/E+S,"Описание типа личности
Ребенок с сочетанием социального и предпринимательского типов личности обладает сильными коммуникативными навыками и лидерскими качествами. Такой ребенок легко находит общий язык с окружающими, умеет вдохновлять и мотивировать других, а также стремится к достижению амбициозных целей. Он с удовольствием берет на себя инициативу, организует мероприятия и участвует в коллективной деятельности.




Характеристика
        1.        Социальный (S):
        •        Эмпатичный и заботливый, любит помогать людям и работать в команде.
        •        Легко заводит друзей, понимает эмоции других и стремится к гармонии в отношениях.
        •        Увлечен деятельностью, где можно взаимодействовать с другими и приносить пользу обществу.
        2.        Предпринимательский (E):
        •        Проявляет лидерские качества, любит брать на себя ответственность и принимать решения.
        •        Амбициозен, энергичен и ориентирован на успех.
        •        Умеет организовывать процессы, вдохновлять людей и стремится к реализации своих идей.
Эта связка формирует ребенка, который с легкостью сочетает заботу о людях с целеустремленностью, успешно работает в команде и может руководить проектами.




Интересы
        •        Участие в школьных советах, волонтерских проектах или общественных инициативах.
        •        Организация мероприятий, например, школьных концертов, благотворительных акций или спортивных соревнований.
        •        Проведение командных игр, мозговых штурмов или совместных креативных проектов.
        •        Участие в дебатах, где можно продемонстрировать ораторские и лидерские качества.
        •        Проекты, направленные на помощь другим, например, экологические или благотворительные акции.




Рекомендации для родителей
        1.        Развивайте лидерские качества:
        •        Поддерживайте ребенка в организации школьных или семейных мероприятий, помогайте ему планировать задачи.
        •        Объясняйте важность ответственности и делегирования в работе с командой.
        2.        Стимулируйте интерес к взаимодействию:
        •        Запишите ребенка на курсы ораторского мастерства, дебаты или тренинги по лидерству.
        •        Поддерживайте участие в групповых проектах, где ребенок может работать с людьми.
        3.        Развивайте чувство социальной ответственности:
        •        Вовлекайте ребенка в волонтерские программы или акции по помощи другим.
        •        Расскажите о значении благотворительности и общественных инициатив.
        4.        Помогайте управлять проектами:
        •        Участвуйте вместе с ребенком в планировании и организации его идей.
        •        Поддерживайте его стремление реализовывать проекты, даже если они кажутся сложными.




Ресурсы и материалы
        •        Книги: “Как стать лидером”, “Основы командной работы для детей”, “Тренируем ораторское мастерство”.
        •        Кружки: Школьные советы, дебатные клубы, клубы волонтеров или социального предпринимательства.
        •        Игры: “Монополия”, “Sims” с акцентом на управление командами или ресурсами.
        •        Программы: Тренинги по лидерству и командной работе, участие в конкурсах проектов.




Какая школа подходит?
        1.        НИШ (Назарбаев Интеллектуальная Школа):
        •        Школа предоставляет возможности для участия в общественных инициативах, проектной деятельности и исследовательских программах.
        •        Поощряет лидерство и работу в команде через участие в школьных советах и конкурсах.
        2.        БИЛ (Казахско-Турецкий Лицей):
        •        Подходит детям, которые хотят развивать свои лидерские качества и участвовать в коллективной деятельности.
        •        Уделяет внимание воспитанию дисциплины и социальной ответственности.




Возможные профессии в будущем
        •        Социальный предприниматель, организатор благотворительных проектов.
        •        Руководитель проектов или менеджер команд.
        •        Специалист в области PR, маркетинга или управления коммуникациями.
        •        Политик или общественный деятель.
        •        Психолог или педагог, работающий в социальных программах.




Советы по воспитанию и развитию
        1.        Стимулируйте участие в общественных инициативах: Поддерживайте ребенка в реализации его идей, связанных с помощью людям или улучшением окружающей среды.
        2.        Укрепляйте ораторские навыки: Помогайте ребенку учиться выражать свои мысли и вести переговоры.
        3.        Поощряйте ответственность: Учите ребенка планировать проекты, распределять задачи и доводить начатое до конца.
        4.        Расширяйте кругозор: Вместе посещайте мероприятия, где можно увидеть работу лидеров и команд, такие как форумы, семинары или конференции.
        5.        Поддерживайте эмоциональную вовлеченность: Уважайте стремление ребенка помогать другим и объясняйте, как это влияет на окружающий мир.




Итог для родителей
Ваш ребенок сочетает сильные коммуникативные навыки с лидерским потенциалом. Он стремится не только быть успешным, но и приносить пользу окружающим. Школы, которые поддерживают общественную и проектную деятельность, помогут раскрыть его таланты. Создавайте условия для реализации идей, развивайте лидерские и социальные навыки, и он добьется больших успехов."
Социальный (S) + Конвенциональный (C),S+C/C+S,"Описание типа личности
Ребенок с сочетанием социального и конвенционального типов личности обладает высокой эмпатией, умением работать в команде и стремлением к порядку и структурированности. Такой ребенок не только заботится об окружающих, но и предпочитает следовать правилам, выполнять задачи по заранее установленному плану и помогать другим достигать целей. Он ценит гармонию в коллективе и хорошо адаптируется к организованной среде.




Характеристика
        1.        Социальный (S):
        •        Эмпатичный, заботливый, легко находит общий язык с окружающими.
        •        Любит помогать людям, работать в коллективе и участвовать в командных проектах.
        •        Предпочитает деятельность, приносящую пользу окружающим.
        2.        Конвенциональный (C):
        •        Стремится к порядку, четкости и системности.
        •        Умеет работать в рамках установленных правил и структурированных задач.
        •        Отличается вниманием к деталям и склонностью доводить дела до конца.
Эта связка формирует ребенка, который комфортно чувствует себя в организованных проектах, где важна поддержка других и структурированный подход.




Интересы
        •        Участие в командных проектах, где важна роль организатора или координатора.
        •        Проведение мероприятий, например, школьных акций, собраний или викторин.
        •        Решение задач, где нужно следовать четким инструкциям и плану.
        •        Работа с данными, таблицами или списками, особенно в социальных контекстах.
        •        Волонтерская деятельность, связанная с помощью другим (например, организация благотворительных акций).




Рекомендации для родителей
        1.        Развивайте навыки организации:
        •        Давайте ребенку задачи, которые требуют планирования и координации (например, составить расписание или организовать семейное мероприятие).
        •        Участвуйте вместе с ним в проектировании простых структур, например, систем хранения.
        2.        Стимулируйте командную работу:
        •        Поощряйте участие в школьных советах, командных играх или волонтерских инициативах.
        •        Поддерживайте желание ребенка помогать другим и брать на себя ответственность за коллективные проекты.
        3.        Поощряйте стремление к порядку:
        •        Давайте задания, где ребенок может проявить внимание к деталям (например, ведение списка участников мероприятия).
        •        Уважайте его желание следовать правилам и структурированным подходам.
        4.        Укрепляйте социальные навыки:
        •        Запишите ребенка на курсы по ораторскому мастерству или тренинги по эмоциональному интеллекту.
        •        Учите его эффективно взаимодействовать с разными типами людей.




Ресурсы и материалы
        •        Книги: “Как быть организованным: советы для детей”, “Эмоциональный интеллект для юных лидеров”.
        •        Игры: Игры с элементами управления ресурсами (например, “Монополия”, “SimCity”).
        •        Кружки: Школьные советы, волонтерские организации, кружки логики и аналитики.
        •        Дополнительно: Участие в конкурсах на организацию проектов, таких как благотворительные акции или квесты.




Какая школа подходит?
        1.        НИШ (Назарбаев Интеллектуальная Школа):
        •        Школа предоставляет возможности для участия в проектах, где важны структура, организованность и командная работа.
        •        Поощряет учеников к социальной активности и лидерству.
        2.        БИЛ (Казахско-Турецкий Лицей):
        •        Идеально подходит благодаря строгой дисциплине, четким правилам и акценту на общественные инициативы.
        •        Помогает развивать чувство ответственности и навыки взаимодействия в коллективе.




Возможные профессии в будущем
        •        Организатор мероприятий, координатор социальных проектов.
        •        Администратор или менеджер в образовательной или социальной сфере.
        •        Социальный работник, педагог или консультант.
        •        Логист или системный администратор, работающий с процессами и данными.
        •        Руководитель проектов в НКО или благотворительной организации.




Советы по воспитанию и развитию
        1.        Поддерживайте стремление к порядку: Хвалите за аккуратность и последовательность, но не забывайте помогать справляться с гибкостью в непредвиденных ситуациях.
        2.        Учите планированию: Предложите ребенку составлять планы для проектов, распределять роли и фиксировать результаты.
        3.        Стимулируйте социальную активность: Поддерживайте участие ребенка в акциях и мероприятиях, где он может взаимодействовать с людьми и помогать.
        4.        Развивайте навыки общения: Учите, как эффективно доносить свои идеи и учитывать мнение других.
        5.        Давайте творческие задачи: Даже в рамках структуры предлагайте задания, где ребенок сможет проявить инициативу и креативность.




Итог для родителей
Ваш ребенок сочетает в себе заботу о людях и любовь к порядку. Он прекрасно работает в организованных проектах, умеет координировать действия и помогает другим достичь целей. Школы, которые поддерживают дисциплину и социальную активность, помогут ему развить эти качества. Создавайте условия для работы в команде, планирования проектов и участия в общественной жизни."
Предпринимательский (E) + Конвенциональный (C),E+C/C+E,"Описание типа личности
Ребенок с сочетанием предпринимательского и конвенционального типов личности сочетает в себе амбициозность, лидерские качества и умение работать в рамках четкой структуры. Такой ребенок стремится к успеху, умеет принимать решения, но при этом ценит порядок и систематичность. Он с легкостью организует процессы, следуя установленным правилам, и добивается высоких результатов благодаря своей организованности.




Характеристика
        1.        Предпринимательский (E):
        •        Проявляет лидерские качества, стремится вдохновлять и управлять командой.
        •        Амбициозен, нацелен на достижение успеха и видимых результатов.
        •        Умеет принимать решения и брать на себя ответственность.
        2.        Конвенциональный (C):
        •        Ценит порядок, точность и четкость.
        •        Предпочитает работать по инструкциям и завершать задачи в установленной последовательности.
        •        Обладает организаторскими навыками, склонен к систематизации процессов.
Эта связка формирует ребенка, который комфортно чувствует себя в роли организатора и руководителя, умеет сочетать стремление к лидерству с приверженностью к структуре и правилам.




Интересы
        •        Организация и управление проектами, где важны структура и результат (например, школьные мероприятия, конкурсы).
        •        Участие в олимпиадах и конкурсах, где можно проявить лидерские качества и стратегическое мышление.
        •        Управление ресурсами и координация работы команды.
        •        Участие в экономических или управленческих играх, таких как “Монополия” или SimCity.
        •        Работа над проектами, где можно планировать, систематизировать и контролировать выполнение.




Рекомендации для родителей
        1.        Развивайте лидерские качества:
        •        Предлагайте ребенку организовывать семейные мероприятия или школьные проекты.
        •        Учите его планировать задачи, распределять роли и следить за их выполнением.
        2.        Стимулируйте интерес к структуре:
        •        Помогайте ребенку составлять планы для выполнения заданий или долгосрочных целей.
        •        Включайте его в задачи, где важно следовать четкому алгоритму или инструкциям.
        3.        Поддерживайте стремление к успеху:
        •        Участвуйте в обсуждении целей и результатов, помогайте ребенку анализировать достижения.
        •        Поощряйте участие в конкурсах, где можно продемонстрировать организаторские и лидерские способности.
        4.        Развивайте навыки управления ресурсами:
        •        Учите ребенка распределять время, силы и ресурсы.
        •        Давайте задания, где нужно учитывать бюджет, планировать расходы или организовывать что-то в рамках ограничений.




Ресурсы и материалы
        •        Книги: “Как стать лидером”, “Основы управления для детей”, “Стратегическое мышление”.
        •        Игры: “Монополия”, “SimCity”, “Minecraft” с акцентом на управление ресурсами и планирование.
        •        Кружки: Клубы дебатов, кружки предпринимательства, логика и математика.
        •        Дополнительно: Участие в конкурсах проектов, экономических играх или школьных советах.




Какая школа подходит?
        1.        НИШ (Назарбаев Интеллектуальная Школа):
        •        Подходит благодаря акценту на проектную деятельность, где ребенок сможет сочетать организаторские и лидерские навыки.
        •        Поддерживает участие в научных и управленческих инициативах.
        2.        БИЛ (Казахско-Турецкий Лицей):
        •        Школа ценит дисциплину, системность и организованность, что соответствует сильным сторонам ребенка.
        •        Предоставляет платформу для развития лидерских качеств через школьные инициативы и проекты.




Возможные профессии в будущем
        •        Менеджер проектов или предприниматель.
        •        Финансовый аналитик или специалист по управлению.
        •        Руководитель компании, отдела или стартапа.
        •        Экономист или стратегический консультант.
        •        Политик или администратор в крупных организациях.




Советы по воспитанию и развитию
        1.        Хвалите за успехи: Поощряйте достижения ребенка и учите его анализировать свои результаты, чтобы развивать стратегическое мышление.
        2.        Стимулируйте участие в коллективной работе: Поддерживайте ребенка в роли лидера или координатора в командных проектах.
        3.        Развивайте гибкость мышления: Давайте задачи, где нужно адаптироваться к изменяющимся условиям или искать нестандартные решения.
        4.        Учите управлять временем: Помогайте ребенку составлять расписания, ставить приоритеты и планировать свои дела.
        5.        Укрепляйте дисциплину: Объясняйте важность правил и систематического подхода, чтобы он умел использовать их в своих проектах.




Итог для родителей
Ваш ребенок обладает уникальным сочетанием лидерских качеств и любви к порядку. Он стремится добиваться высоких результатов и умеет организовать процесс так, чтобы всё шло по плану. Школы с акцентом на дисциплину, проектное обучение и развитие лидерских навыков помогут раскрыть его потенциал. Поддерживайте его стремления, учите планировать и создавать структуру, чтобы он смог добиться больших успехов."
Реалистический (R) + Исследовательский (I),R+I/I+R,"Описание типа личности
Ребенок с сочетанием реалистического и исследовательского типов личности проявляет интерес к изучению сложных явлений и их применению на практике. Он любит не только задавать вопросы, но и находить ответы через эксперименты или конструирование. Это ребенок, который с одинаковым увлечением может собирать сложные механизмы, наблюдать за природой или разбирать, как работает бытовой прибор. Любознательность сочетается с желанием действовать руками, что делает его склонным к проектной деятельности и аналитическим задачам.




Характеристика
        1.        Реалистический (R):
        •        Практическая направленность: предпочитает создавать что-то материальное, будь то поделка или эксперимент.
        •        Легко вовлекается в активные задачи и физическую работу.
        •        Любит видимый результат своих усилий.
        2.        Исследовательский (I):
        •        Постоянно задает вопросы, стремится разобраться в сути процессов.
        •        Обожает наблюдать, изучать природу, технику или законы науки.
        •        Ему важен логический порядок и глубокое понимание темы.


Интересы
        •        Работа с конструктором или роботами (LEGO Technic, Arduino, робоклубы).
        •        Участие в проектах по программированию, сборке дронов или 3D-моделированию.
        •        Научные опыты, например, создание вулканов, изучение магнитов, выращивание кристаллов.
        •        Наблюдение за природными явлениями: растения, животные, звезды.
        •        Спортивные игры, где важна тактика (шахматы, ориентирование).






Рекомендации для родителей
        1.        Поддерживайте исследовательскую активность:
        •        Купите простые научные наборы для дома: химические наборы, микроскопы, телескопы.
        •        Покажите документальные фильмы про природу, технику, космос (например, “BBC Earth”).
        •        Поощряйте ребенка к созданию проектов: сборка моделей, эксперименты с электричеством.
        2.        Развивайте практические навыки:
        •        Отдайте ребенка в кружки робототехники, программирования или инженерии.
        •        Организуйте домашние “лаборатории”, где ребенок может разбирать старые устройства (под вашим наблюдением).
        •        Вовлекайте его в бытовые задачи: починка предметов, садоводство, строительство.
        3.        Укрепляйте интерес к учебе:
        •        Выберите подходящую школу с акцентом на науку и технику (НИШ, РФМШ).
        •        Поддерживайте интерес к математике, физике и биологии через олимпиадные задачи или дополнительные занятия.
        4.        Формируйте стратегическое мышление:
        •        Предложите тактические игры (шахматы, игры-головоломки).
        •        Помогайте ребенку структурировать мысли: записывать шаги эксперимента, фиксировать результаты.


Ресурсы и материалы
        •        Книги: “Занимательная физика” Я.И. Перельмана, “Как устроен мир” Стивена Хокинга (адаптированные версии).
        •        Каналы YouTube: “Наука ПРОСТО”, “Veritasium”, “The Q”.
        •        Программы и приложения: Scratch (программирование), Tinkercad (3D-моделирование), Science Journal (эксперименты).




Какая школа подходит?
        1.        НИШ (Назарбаев Интеллектуальная Школа):
        •        Идеальна для ребенка с исследовательским интересом. В школе много лабораторных работ, проектов и олимпиад.
        •        Дополнительные программы дают возможность применить теорию в реальных условиях.
        2.        РФМШ (Республиканская Физико-Математическая Школа):
        •        Глубокая подготовка по математике и физике. Подходит для детей, склонных к аналитике и решению сложных задач.
        •        Отличная база для инженерных и научных специальностей.


Возможные профессии в будущем
        •        Инженер (строительство, механика, робототехника).
        •        Ученый (физика, химия, биология, космические исследования).
        •        Программист или разработчик (особенно в области искусственного интеллекта или автоматизации).
        •        Эколог или исследователь природы.


Советы по воспитанию и развитию
        1.        Регулярно задавайте вопросы: “Что тебе больше всего интересно? Что ты хотел бы попробовать?”.
        2.        Предлагайте ребенку участвовать в совместных проектах: соберите модель дома, устройте семейный эксперимент.
        3.        Награждайте за инициативу, даже если результат неидеален. Например, ребенок разобрал старый радиоприемник — похвалите его за смелость и любопытство.
        4.        Расширяйте его кругозор: экскурсии в музеи науки, планетарии, выставки техники.






Итог для родителей
Ваш ребенок — маленький изобретатель и исследователь. Создавайте ему пространство для творчества, позволяйте экспериментировать и реализовывать свои идеи. Школы с акцентом на научную и проектную деятельность помогут раскрыть его потенциал. Главное — поддерживайте любопытство, давая ребенку возможность изучать мир в своем темпе."